slug,page_type,title,h1,meta_title,meta_description,primary_kw,secondary_kws
services/carpet-flooring.php,service,Carpet Flooring Services | Sun Services Inc,Carpet Flooring,Carpet Flooring Services | Sun Services Inc,Premium carpet flooring installation and maintenance services.,carpet flooring,flooring
services/laminate-flooring.php,service,Laminate Flooring Services | Sun Services Inc,Laminate Flooring,Laminate Flooring Services | Sun Services Inc,High-quality laminate flooring solutions.,laminate flooring,flooring
services/vinyl-flooring.php,service,Vinyl Flooring Services | Sun Services Inc,Vinyl Flooring,Vinyl Flooring Services | Sun Services Inc,Durable vinyl flooring for every space.,vinyl flooring,flooring
services/carpet-cleaning.php,service,Carpet Cleaning Services | Sun Services Inc,Carpet Cleaning,Carpet Cleaning Services | Sun Services Inc,Deep cleaning to keep your carpets fresh and hygienic.,carpet cleaning,cleaning
services/sofa-chair-cleaning.php,service,Sofa & Chair Cleaning Services | Sun Services Inc,Sofa & Chair Cleaning,Sofa & Chair Cleaning Services | Sun Services Inc,Professional cleaning for sofas and chairs.,sofa & chair cleaning,cleaning
services/window-cleaning.php,service,Window Cleaning Services | Sun Services Inc,Window Cleaning,Window Cleaning Services | Sun Services Inc,Streak-free window cleaning services.,window cleaning,cleaning
services/marble-polishing.php,service,Marble Polishing Services | Sun Services Inc,Marble Polishing,Marble Polishing Services | Sun Services Inc,Diamond and silicate polishing for marble and granite floors.,marble polishing,cleaning
services/blinds.php,service,Blinds Services | Sun Services Inc,Blinds,Blinds Services | Sun Services Inc,Custom blinds installation and repair.,blinds,window treatments
services/honeycomb-blinds.php,service,Honeycomb Blinds Services | Sun Services Inc,Honeycomb Blinds,Honeycomb Blinds Services | Sun Services Inc,Energy-efficient honeycomb blinds solutions.,honeycomb blinds,window treatments
services/roller-blinds.php,service,Roller Blinds Services | Sun Services Inc,Roller Blinds,Roller Blinds Services | Sun Services Inc,Stylish and functional roller blinds installation.,roller blinds,window treatments
services/roman-blinds.php,service,Roman Blinds Services | Sun Services Inc,Roman Blinds,Roman Blinds Services | Sun Services Inc,Elegant roman blinds for homes and offices.,roman blinds,window treatments
services/pvc-chick-blinds.php,service,PVC Chick Blinds Services | Sun Services Inc,PVC Chick Blinds,PVC Chick Blinds Services | Sun Services Inc,Affordable and versatile PVC chick blinds.,pvc chick blinds,window treatments
services/curtains.php,service,Curtains Services | Sun Services Inc,Curtains,Curtains Services | Sun Services Inc,Designer curtains and installation services.,curtains,curtains & nets
services/pvc-strip-curtains.php,service,PVC Strip Curtains Services | Sun Services Inc,PVC Strip Curtains,PVC Strip Curtains Services | Sun Services Inc,Industrial and commercial PVC strip curtains.,pvc strip curtains,curtains & nets
services/mosquito-nets.php,service,Mosquito Nets Services | Sun Services Inc,Mosquito Nets,Mosquito Nets Services | Sun Services Inc,Protective mosquito net installations.,mosquito nets,curtains & nets
services/wallpaper-installation.php,service,Wallpaper Installation Services | Sun Services Inc,Wallpaper Installation,Wallpaper Installation Services | Sun Services Inc,Custom wallpaper printing and installation.,wallpaper installation,wall & décor
services/pvc-wall-stickers.php,service,PVC Wall Stickers Services | Sun Services Inc,PVC Wall Stickers,PVC Wall Stickers Services | Sun Services Inc,Decorative PVC wall stickers installation.,pvc wall stickers,wall & décor
services/facility-management.php,service,Facility Management Services | Sun Services Inc,Facility Management,Facility Management Services | Sun Services Inc,Comprehensive facility management services.,facility management,facility services
services/annual-maintenance.php,service,Annual Maintenance Services | Sun Services Inc,Annual Maintenance,Annual Maintenance Services | Sun Services Inc,Annual maintenance contracts for businesses.,annual maintenance,facility services
services/corporate-amc.php,service,Corporate AMC Services | Sun Services Inc,Corporate AMC,Corporate AMC Services | Sun Services Inc,Corporate annual maintenance contracts.,corporate amc,facility services
b2b/facility-management.php,b2b,Facility Management Solutions | Sun Services Inc,Facility Management,Facility Management Solutions | Sun Services Inc,End-to-end management for commercial facilities.,facility management,b2b services
b2b/corporate-amc.php,b2b,Corporate AMC Solutions | Sun Services Inc,Corporate AMC,Corporate AMC Solutions | Sun Services Inc,Custom annual maintenance contracts for corporates.,corporate amc,b2b services
b2b/builders-real-estate.php,b2b,Builders & Real Estate Solutions | Sun Services Inc,Builders & Real Estate,Builders & Real Estate Solutions | Sun Services Inc,Support services for builders and real estate developers.,builders & real estate,b2b services
b2b/co-working-solutions.php,b2b,Co-Working Solutions Solutions | Sun Services Inc,Co-Working Solutions,Co-Working Solutions Solutions | Sun Services Inc,Maintenance and facility services for co-working spaces.,co-working solutions,b2b services
b2b/retail-hospitality.php,b2b,Retail & Hospitality Solutions | Sun Services Inc,Retail & Hospitality,Retail & Hospitality Solutions | Sun Services Inc,Facility and maintenance services for retail and hospitality sectors.,retail & hospitality,b2b services
use-cases/new-home-handover.php,use-case,New Home Handover Checklist | Sun Services Inc,New Home Handover Checklist,New Home Handover Checklist | Sun Services Inc,Ensure your new home is ready for move-in.,new home handover checklist,use-case
use-cases/rental-move-in-out.php,use-case,Rental Move-In/Move-Out | Sun Services Inc,Rental Move-In/Move-Out,Rental Move-In/Move-Out | Sun Services Inc,Hassle-free services for tenants and landlords.,rental move-in/move-out,use-case
use-cases/office-maintenance.php,use-case,Annual Office Maintenance | Sun Services Inc,Annual Office Maintenance,Annual Office Maintenance | Sun Services Inc,Keep your office running smoothly year-round.,annual office maintenance,use-case
use-cases/post-construction-cleanup.php,use-case,Post-Construction Cleanup | Sun Services Inc,Post-Construction Cleanup,Post-Construction Cleanup | Sun Services Inc,Professional cleanup after construction or renovation.,post-construction cleanup,use-case
use-cases/festival-cleaning.php,use-case,Festival Home Cleaning | Sun Services Inc,Festival Home Cleaning,Festival Home Cleaning | Sun Services Inc,Get your home festive-ready with deep cleaning.,festival home cleaning,use-case
use-cases/office-sanitization.php,use-case,Office Sanitization | Sun Services Inc,Office Sanitization,Office Sanitization | Sun Services Inc,Comprehensive sanitization for a healthy workplace.,office sanitization,use-case
use-cases/event-preparation.php,use-case,Event Venue Preparation | Sun Services Inc,Event Venue Preparation,Event Venue Preparation | Sun Services Inc,Prepare venues for events and gatherings.,event venue preparation,use-case
use-cases/furnishing-consulting.php,use-case,Furnishing & Décor Consulting | Sun Services Inc,Furnishing & Décor Consulting,Furnishing & Décor Consulting | Sun Services Inc,Expert advice on furnishing and décor.,furnishing & décor consulting,use-case
locations/delhi.php,location,Delhi Services | Sun Services Inc,Delhi,Delhi Services | Sun Services Inc,Professional services available across Delhi.,delhi,location services
locations/mumbai.php,location,Mumbai Services | Sun Services Inc,Mumbai,Mumbai Services | Sun Services Inc,Comprehensive services across Mumbai.,mumbai,location services
locations/bengaluru.php,location,Bengaluru Services | Sun Services Inc,Bengaluru,Bengaluru Services | Sun Services Inc,Expert services for Bengaluru residents.,bengaluru,location services
locations/hyderabad.php,location,Hyderabad Services | Sun Services Inc,Hyderabad,Hyderabad Services | Sun Services Inc,Quality services available in Hyderabad.,hyderabad,location services
blog/index.php,blog-index,Blog | Sun Services Inc,Blog,Blog | Sun Services Inc,Read the latest articles and tips on home and business services.,blog,blog
blog/top-benefits-cleaning-services.php,blog-post,Top Benefits of Professional Cleaning Services | Sun Services Inc,Top Benefits of Professional Cleaning Services,Top Benefits of Professional Cleaning Services | Sun Services Inc,Discover how professional cleaning can improve your home and health.,top benefits of professional cleaning services,blog
blog/choose-right-flooring.php,blog-post,How to Choose the Right Flooring for Your Home | Sun Services Inc,How to Choose the Right Flooring for Your Home,How to Choose the Right Flooring for Your Home | Sun Services Inc,A guide to selecting flooring that fits your lifestyle and budget.,how to choose the right flooring for your home,blog
blog/quality-window-treatments.php,blog-post,Why Quality Window Treatments Matter | Sun Services Inc,Why Quality Window Treatments Matter,Why Quality Window Treatments Matter | Sun Services Inc,Learn the importance of choosing the right window treatments.,why quality window treatments matter,blog
about/index.php,about,About Us | Sun Services Inc,About Us,About Us | Sun Services Inc,Learn about Sun Services Inc and our mission to provide quality services across India.,about us,company
pricing/index.php,pricing,Pricing & Packages | Sun Services Inc,Pricing & Packages,Pricing & Packages | Sun Services Inc,Explore our competitive pricing and service packages for homes and businesses.,pricing,pricing
contact/index.php,contact,Contact Us | Sun Services Inc,Contact Us,Contact Us | Sun Services Inc,Get in touch with Sun Services Inc for enquiries and support.,contact,contact
index.php,home,Home | Sun Services Inc,Home,Home | Sun Services Inc,One-stop solution for home and business services in India.,home services,home
services/index.php,services-index,Our Services | Sun Services Inc,Our Services,Our Services | Sun Services Inc,Browse all home and business services offered by Sun Services Inc.,services,services
use-cases/index.php,use-cases-index,Use Cases | Sun Services Inc,Use Cases,Use Cases | Sun Services Inc,Discover various scenarios where our services make a difference.,use cases,use cases
b2b/index.php,b2b-index,B2B Solutions | Sun Services Inc,B2B Solutions,B2B Solutions | Sun Services Inc,Custom solutions for businesses across industries.,b2b services,b2b
locations/index.php,locations-index,Locations | Sun Services Inc,Locations,Locations | Sun Services Inc,We operate in major cities across India.,locations,locations
